{
  "upper": {
    "Mon": [
      {
        "start": "13:35",
        "end": "14:55",
        "course": "Xarici dildə işgüzar və akademik kommunikasiya-3 (ingilis)",
        "teacher": "Sənubər Həmidli",
        "room": "3-208"
      },
      {
        "start": "15:05",
        "end": "16:25",
        "course": "İnformasiya texnologiyaları",
        "teacher": "Əfsanə Yusifzadə",
        "room": "7-613"
      }
    ],
    "Tue": [
      {
        "start": "13:35",
        "end": "14:55",
        "course": "İnformasiya texnologiyaları",
        "teacher": "Əfsanə Yusifzadə",
        "room": "6-508"
      },
      {
        "start": "15:05",
        "end": "16:25",
        "course": "Alqoritmin analizi və hazırlanması üsulları",
        "teacher": "Musa Rəhimov",
        "room": "3-304"
      }
    ],
    "Wed": [
      {
        "start": "13:35",
        "end": "14:55",
        "course": "Analitik həndəsə",
        "teacher": "Ruhiyyə Zamanova",
        "room": "6-605"
      },
      {
        "start": "15:05",
        "end": "16:25",
        "course": "Xarici dildə işgüzar və akademik kommunikasiya-3 (ingilis)",
        "teacher": "Sənubər Həmidli",
        "room": "3-304"
      }
    ],
    "Thu": [
      {
        "start": "13:35",
        "end": "14:55",
        "course": "Ədədi üsullar-1",
        "teacher": "Günel Eyvazlı",
        "room": "3-304"
      },
      {
        "start": "15:05",
        "end": "16:25",
        "course": "Ədədi üsullar-1",
        "teacher": "Günel Eyvazlı",
        "room": "3-304"
      }
    ],
    "Fri": [
      {
        "start": "13:35",
        "end": "14:55",
        "course": "Proqramlaşdırma texnologiyaları",
        "teacher": "Həsən Nağıyev",
        "room": "7-515"
      },
      {
        "start": "15:05",
        "end": "16:25",
        "course": "Proqramlaşdırma texnologiyaları",
        "teacher": "Həsən Nağıyev",
        "room": "6-603"
      },
      {
        "start": "16:35",
        "end": "17:55",
        "course": "Alqoritmin analizi və hazırlanması üsulları",
        "teacher": "Musa Rəhimov",
        "room": "6-603"
      }
    ],
    "Sat": [],
    "Sun": []
  },
  "lower": {
    "Mon": [
      {
        "start": "13:35",
        "end": "14:55",
        "course": "Xarici dildə işgüzar və akademik kommunikasiya-3 (ingilis)",
        "teacher": "Sənubər Həmidli",
        "room": "3-208"
      },
      {
        "start": "15:05",
        "end": "16:25",
        "course": "İnformasiya texnologiyaları",
        "teacher": "Əfsanə Yusifzadə",
        "room": "7-613"
      },
      {
        "start": "16:35",
        "end": "17:55",
        "course": "Alqoritmin analizi və hazırlanması üsulları",
        "teacher": "Musa Rəhimov",
        "room": "6-603"
      }
    ],
    "Tue": [
      {
        "start": "13:35",
        "end": "14:55",
        "course": "Analitik həndəsə",
        "teacher": "Ruhiyyə Zamanova",
        "room": "3-305"
      },
      {
        "start": "15:05",
        "end": "16:25",
        "course": "Alqoritmin analizi və hazırlanması üsulları",
        "teacher": "Musa Rəhimov",
        "room": "3-304"
      }
    ],
    "Wed": [
      {
        "start": "13:35",
        "end": "14:55",
        "course": "Analitik həndəsə",
        "teacher": "Ruhiyyə Zamanova",
        "room": "6-605"
      },
      {
        "start": "15:05",
        "end": "16:25",
        "course": "Xarici dildə işgüzar və akademik kommunikasiya-3 (ingilis)",
        "teacher": "Sənubər Həmidli",
        "room": "3-304"
      }
    ],
    "Thu": [
      {
        "start": "13:35",
        "end": "14:55",
        "course": "Ədədi üsullar-1",
        "teacher": "Günel Eyvazlı",
        "room": "3-304"
      },
      {
        "start": "15:05",
        "end": "16:25",
        "course": "Ədədi üsullar-1",
        "teacher": "Günel Eyvazlı",
        "room": "3-304"
      }
    ],
    "Fri": [
      {
        "start": "13:35",
        "end": "14:55",
        "course": "Proqramlaşdırma texnologiyaları",
        "teacher": "Həsən Nağıyev",
        "room": "7-515"
      },
      {
        "start": "15:05",
        "end": "16:25",
        "course": "Proqramlaşdırma texnologiyaları",
        "teacher": "Həsən Nağıyev",
        "room": "6-603"
      }
    ],
    "Sat": [],
    "Sun": []
  }
}